{"mean":{"confidence_interval":{"confidence_level":0.95,"lower_bound":247905342.523,"upper_bound":252156755.77650002},"point_estimate":250005448.16,"standard_error":1084081.1711350882},"median":{"confidence_interval":{"confidence_level":0.95,"lower_bound":246282611.0,"upper_bound":252724819.0},"point_estimate":249233828.5,"standard_error":1593212.7513404195},"median_abs_dev":{"confidence_interval":{"confidence_level":0.95,"lower_bound":8517714.760780334,"upper_bound":12870308.783206344},"point_estimate":10671764.988738298,"standard_error":1087584.8207001828},"slope":null,"std_dev":{"confidence_interval":{"confidence_level":0.95,"lower_bound":9171211.691742726,"upper_bound":12652198.863077994},"point_estimate":10941776.244762974,"standard_error":889584.5224612748}}