{"mean":{"confidence_interval":{"confidence_level":0.95,"lower_bound":45210459.04,"upper_bound":45330615.473875},"point_estimate":45269777.655,"standard_error":30589.01514877341},"median":{"confidence_interval":{"confidence_level":0.95,"lower_bound":45059494.0,"upper_bound":45266470.75},"point_estimate":45105895.25,"standard_error":57689.561286095304},"median_abs_dev":{"confidence_interval":{"confidence_level":0.95,"lower_bound":117188.40841948986,"upper_bound":407212.7620205283},"point_estimate":205330.08880466223,"standard_error":74832.83316655514},"slope":null,"std_dev":{"confidence_interval":{"confidence_level":0.95,"lower_bound":274550.3084512857,"upper_bound":333924.2553209456},"point_estimate":307130.88840292534,"standard_error":15010.14849558761}}