{"mean":{"confidence_interval":{"confidence_level":0.95,"lower_bound":116438011.96974999,"upper_bound":117844732.94725},"point_estimate":117111225.18,"standard_error":358940.3814499016},"median":{"confidence_interval":{"confidence_level":0.95,"lower_bound":115310304.0,"upper_bound":116128843.0},"point_estimate":115665480.5,"standard_error":189201.35963469173},"median_abs_dev":{"confidence_interval":{"confidence_level":0.95,"lower_bound":1130153.3427357674,"upper_bound":2069125.4188656807},"point_estimate":1641668.1248545647,"standard_error":241330.08732157326},"slope":null,"std_dev":{"confidence_interval":{"confidence_level":0.95,"lower_bound":2817153.4084808878,"upper_bound":4228752.7926828945},"point_estimate":3596692.8464467945,"standard_error":360045.9025496486}}