{"mean":{"confidence_interval":{"confidence_level":0.95,"lower_bound":23326.611259062913,"upper_bound":23354.2737107649},"point_estimate":23339.859565353832,"standard_error":7.065573033924209},"median":{"confidence_interval":{"confidence_level":0.95,"lower_bound":23313.93773532669,"upper_bound":23335.693162096493},"point_estimate":23318.88760948354,"standard_error":5.261267210156819},"median_abs_dev":{"confidence_interval":{"confidence_level":0.95,"lower_bound":34.006081762163205,"upper_bound":62.031263628121124},"point_estimate":45.83271318207841,"standard_error":7.369065565186206},"slope":{"confidence_interval":{"confidence_level":0.95,"lower_bound":23306.743057843472,"upper_bound":23334.960707524588},"point_estimate":23319.785319178915,"standard_error":7.213769575269226},"std_dev":{"confidence_interval":{"confidence_level":0.95,"lower_bound":53.71381478421066,"upper_bound":87.30202817207582},"point_estimate":70.9523665575894,"standard_error":8.62167733384187}}