{"mean":{"confidence_interval":{"confidence_level":0.95,"lower_bound":534317588.87575,"upper_bound":541643289.0999999},"point_estimate":537967952.42,"standard_error":1869814.210112756},"median":{"confidence_interval":{"confidence_level":0.95,"lower_bound":532135334.0,"upper_bound":540485277.0},"point_estimate":535843342.0,"standard_error":2028193.1717082353},"median_abs_dev":{"confidence_interval":{"confidence_level":0.95,"lower_bound":14545575.588664412,"upper_bound":22972410.677558184},"point_estimate":18489563.57574463,"standard_error":2153444.9858042966},"slope":null,"std_dev":{"confidence_interval":{"confidence_level":0.95,"lower_bound":16075748.07862339,"upper_bound":21294492.413669996},"point_estimate":18810570.3511616,"standard_error":1334054.764242671}}