{"mean":{"confidence_interval":{"confidence_level":0.95,"lower_bound":429144011.292,"upper_bound":433480933.1355},"point_estimate":431284260.1,"standard_error":1107880.124666349},"median":{"confidence_interval":{"confidence_level":0.95,"lower_bound":427624640.5,"upper_bound":432813108.0},"point_estimate":431025445.0,"standard_error":1154234.51613851},"median_abs_dev":{"confidence_interval":{"confidence_level":0.95,"lower_bound":7549872.015362978,"upper_bound":11678057.481873035},"point_estimate":10007252.561035752,"standard_error":1042433.1473458954},"slope":null,"std_dev":{"confidence_interval":{"confidence_level":0.95,"lower_bound":9045564.983236352,"upper_bound":13259019.668341646},"point_estimate":11167263.1803856,"standard_error":1079991.2160638026}}