{"mean":{"confidence_interval":{"confidence_level":0.95,"lower_bound":41925183.129875004,"upper_bound":42162870.775},"point_estimate":42045765.28,"standard_error":60426.81122499985},"median":{"confidence_interval":{"confidence_level":0.95,"lower_bound":42150976.0,"upper_bound":42289820.0},"point_estimate":42195261.0,"standard_error":36839.56004294466},"median_abs_dev":{"confidence_interval":{"confidence_level":0.95,"lower_bound":271510.7570797205,"upper_bound":599925.5543991923},"point_estimate":429675.6342217326,"standard_error":92478.7231477011},"slope":null,"std_dev":{"confidence_interval":{"confidence_level":0.95,"lower_bound":504460.2666179975,"upper_bound":687803.7308946697},"point_estimate":605960.5335997066,"standard_error":46704.8595107997}}