{"mean":{"confidence_interval":{"confidence_level":0.95,"lower_bound":64422657.508625,"upper_bound":65176449.015875004},"point_estimate":64788279.68,"standard_error":192373.4000133193},"median":{"confidence_interval":{"confidence_level":0.95,"lower_bound":63900411.0,"upper_bound":65039958.5},"point_estimate":64338021.75,"standard_error":287909.46413784416},"median_abs_dev":{"confidence_interval":{"confidence_level":0.95,"lower_bound":1242982.5365826488,"upper_bound":2138209.0178892016},"point_estimate":1622140.0593012571,"standard_error":222893.63363353105},"slope":null,"std_dev":{"confidence_interval":{"confidence_level":0.95,"lower_bound":1599912.5729552337,"upper_bound":2243007.4518256425},"point_estimate":1938444.7655462974,"standard_error":164368.50355530917}}