{"mean":{"confidence_interval":{"confidence_level":0.95,"lower_bound":748846448.8335,"upper_bound":754116622.329},"point_estimate":751486600.04,"standard_error":1346425.4920973154},"median":{"confidence_interval":{"confidence_level":0.95,"lower_bound":748968094.0,"upper_bound":754957168.0},"point_estimate":753620429.0,"standard_error":1641770.3269696569},"median_abs_dev":{"confidence_interval":{"confidence_level":0.95,"lower_bound":9789185.82650721,"upper_bound":14959943.00750792},"point_estimate":12344834.581035376,"standard_error":1320999.0027363722},"slope":null,"std_dev":{"confidence_interval":{"confidence_level":0.95,"lower_bound":11403366.79711117,"upper_bound":15277885.002334466},"point_estimate":13458971.576540962,"standard_error":993410.161275217}}