{"mean":{"confidence_interval":{"confidence_level":0.95,"lower_bound":64866309.631625,"upper_bound":65844544.661375},"point_estimate":65343263.625,"standard_error":250422.291737622},"median":{"confidence_interval":{"confidence_level":0.95,"lower_bound":64140102.0,"upper_bound":65375394.25},"point_estimate":64558913.0,"standard_error":308037.5095711721},"median_abs_dev":{"confidence_interval":{"confidence_level":0.95,"lower_bound":1270134.1312006116,"upper_bound":2279176.476636529},"point_estimate":1754295.3144550323,"standard_error":249690.61511325388},"slope":null,"std_dev":{"confidence_interval":{"confidence_level":0.95,"lower_bound":1969752.8767634574,"upper_bound":2983006.900085941},"point_estimate":2514755.2222180828,"standard_error":259209.23325902745}}