{"mean":{"confidence_interval":{"confidence_level":0.95,"lower_bound":469760614.31624997,"upper_bound":474118035.87},"point_estimate":471930819.75,"standard_error":1111491.6715128066},"median":{"confidence_interval":{"confidence_level":0.95,"lower_bound":469414906.0,"upper_bound":475235577.0},"point_estimate":473240141.5,"standard_error":1571457.943257058},"median_abs_dev":{"confidence_interval":{"confidence_level":0.95,"lower_bound":9378068.266806006,"upper_bound":14646799.823879821},"point_estimate":12867038.167664409,"standard_error":1325895.6808640845},"slope":null,"std_dev":{"confidence_interval":{"confidence_level":0.95,"lower_bound":9595940.433796639,"upper_bound":12562689.889344657},"point_estimate":11143334.289488472,"standard_error":756126.6642685705}}