{"mean":{"confidence_interval":{"confidence_level":0.95,"lower_bound":47452523.265,"upper_bound":47639949.685},"point_estimate":47546472.995,"standard_error":47695.592536111595},"median":{"confidence_interval":{"confidence_level":0.95,"lower_bound":47449847.0,"upper_bound":47708898.0},"point_estimate":47571740.75,"standard_error":58389.96310700746},"median_abs_dev":{"confidence_interval":{"confidence_level":0.95,"lower_bound":377549.5596509055,"upper_bound":598064.5207822323},"point_estimate":492092.7224636078,"standard_error":55806.71313533695},"slope":null,"std_dev":{"confidence_interval":{"confidence_level":0.95,"lower_bound":413140.8676557326,"upper_bound":540135.0750188817},"point_estimate":480281.74767755275,"standard_error":32537.22939333566}}