{"mean":{"confidence_interval":{"confidence_level":0.95,"lower_bound":352440698.9275,"upper_bound":355730634.2685},"point_estimate":354053283.21,"standard_error":839593.3446437242},"median":{"confidence_interval":{"confidence_level":0.95,"lower_bound":352618743.0,"upper_bound":356099285.0},"point_estimate":354488135.5,"standard_error":743670.7191289684},"median_abs_dev":{"confidence_interval":{"confidence_level":0.95,"lower_bound":5435897.205993533,"upper_bound":11044089.578828216},"point_estimate":7087933.893764019,"standard_error":1506710.318440586},"slope":null,"std_dev":{"confidence_interval":{"confidence_level":0.95,"lower_bound":6912995.201795783,"upper_bound":10085154.943653477},"point_estimate":8424126.205217037,"standard_error":823470.2255006451}}