{"mean":{"confidence_interval":{"confidence_level":0.95,"lower_bound":320173409.9255,"upper_bound":328051745.18075},"point_estimate":323926676.54,"standard_error":2010563.167605833},"median":{"confidence_interval":{"confidence_level":0.95,"lower_bound":315987117.0,"upper_bound":324868876.0},"point_estimate":320506170.0,"standard_error":2083878.3629225635},"median_abs_dev":{"confidence_interval":{"confidence_level":0.95,"lower_bound":12393321.53057456,"upper_bound":20633062.88098991},"point_estimate":16548493.281805515,"standard_error":2092143.3466266},"slope":null,"std_dev":{"confidence_interval":{"confidence_level":0.95,"lower_bound":14946603.646814892,"upper_bound":25776979.566302486},"point_estimate":20113258.937023792,"standard_error":2855509.4997336073}}