{"mean":{"confidence_interval":{"confidence_level":0.95,"lower_bound":345341756.37899995,"upper_bound":348487245.5385},"point_estimate":346910732.84,"standard_error":804063.3605877325},"median":{"confidence_interval":{"confidence_level":0.95,"lower_bound":345046196.0,"upper_bound":349068158.0},"point_estimate":346330833.5,"standard_error":1082103.067106569},"median_abs_dev":{"confidence_interval":{"confidence_level":0.95,"lower_bound":5028450.563827157,"upper_bound":8667227.555125952},"point_estimate":6335464.740023017,"standard_error":930176.7992290698},"slope":null,"std_dev":{"confidence_interval":{"confidence_level":0.95,"lower_bound":6744419.704997319,"upper_bound":9219677.628493514},"point_estimate":8034650.609839295,"standard_error":631958.7474012288}}