{"mean":{"confidence_interval":{"confidence_level":0.95,"lower_bound":283728359.70875,"upper_bound":287975745.7985},"point_estimate":285832983.24,"standard_error":1091854.2536617045},"median":{"confidence_interval":{"confidence_level":0.95,"lower_bound":282128803.0,"upper_bound":288216510.5},"point_estimate":285343856.5,"standard_error":1562606.7879123222},"median_abs_dev":{"confidence_interval":{"confidence_level":0.95,"lower_bound":9468455.715501308,"upper_bound":15406781.737934947},"point_estimate":12375742.342686653,"standard_error":1531740.663147429},"slope":null,"std_dev":{"confidence_interval":{"confidence_level":0.95,"lower_bound":9685744.682474788,"upper_bound":12107843.086612362},"point_estimate":10978631.30126384,"standard_error":617553.6798864469}}