{"mean":{"confidence_interval":{"confidence_level":0.95,"lower_bound":59707182.885,"upper_bound":59836516.346},"point_estimate":59771311.71,"standard_error":33036.55238295106},"median":{"confidence_interval":{"confidence_level":0.95,"lower_bound":59606125.0,"upper_bound":59827588.0},"point_estimate":59671060.25,"standard_error":61850.68688223961},"median_abs_dev":{"confidence_interval":{"confidence_level":0.95,"lower_bound":273093.4325516224,"upper_bound":494002.68187969923},"point_estimate":424361.2546160817,"standard_error":55958.37747471273},"slope":null,"std_dev":{"confidence_interval":{"confidence_level":0.95,"lower_bound":301460.43296038656,"upper_bound":357945.89776976005},"point_estimate":332198.5330218583,"standard_error":14326.362339955404}}