{"mean":{"confidence_interval":{"confidence_level":0.95,"lower_bound":46752565.126624994,"upper_bound":46949841.6675},"point_estimate":46849575.59,"standard_error":50495.46534900625},"median":{"confidence_interval":{"confidence_level":0.95,"lower_bound":46638238.5,"upper_bound":46745091.0},"point_estimate":46699443.25,"standard_error":26243.174425082365},"median_abs_dev":{"confidence_interval":{"confidence_level":0.95,"lower_bound":296439.5636871457,"upper_bound":554199.159679748},"point_estimate":426254.5347824693,"standard_error":65074.489363944456},"slope":null,"std_dev":{"confidence_interval":{"confidence_level":0.95,"lower_bound":447497.2470138497,"upper_bound":552305.4273755258},"point_estimate":506364.6500754243,"standard_error":26549.815464857806}}