{"mean":{"confidence_interval":{"confidence_level":0.95,"lower_bound":744363747.42325,"upper_bound":750753559.72375},"point_estimate":747508462.84,"standard_error":1624841.5078528766},"median":{"confidence_interval":{"confidence_level":0.95,"lower_bound":742581550.0,"upper_bound":749720889.0},"point_estimate":746847798.5,"standard_error":1883498.7432526045},"median_abs_dev":{"confidence_interval":{"confidence_level":0.95,"lower_bound":9632916.749951545,"upper_bound":16657191.581475735},"point_estimate":11845974.530991912,"standard_error":1806630.9684035862},"slope":null,"std_dev":{"confidence_interval":{"confidence_level":0.95,"lower_bound":13396798.687599258,"upper_bound":19139443.104909226},"point_estimate":16349035.462460626,"standard_error":1463994.4325241332}}