{"mean":{"confidence_interval":{"confidence_level":0.95,"lower_bound":16441.856518611516,"upper_bound":16495.858798096582},"point_estimate":16466.392045143926,"standard_error":13.81126810110597},"median":{"confidence_interval":{"confidence_level":0.95,"lower_bound":16408.002125075895,"upper_bound":16449.451566663975},"point_estimate":16427.313418784222,"standard_error":11.085622998783567},"median_abs_dev":{"confidence_interval":{"confidence_level":0.95,"lower_bound":34.79868736971476,"upper_bound":68.37704424900735},"point_estimate":57.8353223445679,"standard_error":9.295175624656444},"slope":{"confidence_interval":{"confidence_level":0.95,"lower_bound":16446.54005678773,"upper_bound":16509.467132710313},"point_estimate":16475.259113974036,"standard_error":16.167509741898066},"std_dev":{"confidence_interval":{"confidence_level":0.95,"lower_bound":75.55260793922322,"upper_bound":193.77129220706786},"point_estimate":138.83269010979646,"standard_error":30.49560721408934}}