{"mean":{"confidence_interval":{"confidence_level":0.95,"lower_bound":523716504.96925,"upper_bound":528171785.71900004},"point_estimate":525921468.48,"standard_error":1136987.0405935445},"median":{"confidence_interval":{"confidence_level":0.95,"lower_bound":522589531.0,"upper_bound":527843820.5},"point_estimate":525142489.5,"standard_error":1264398.6617372744},"median_abs_dev":{"confidence_interval":{"confidence_level":0.95,"lower_bound":8044638.199164122,"upper_bound":13326676.776704192},"point_estimate":10270167.944768071,"standard_error":1309539.5738667569},"slope":null,"std_dev":{"confidence_interval":{"confidence_level":0.95,"lower_bound":9612728.413184341,"upper_bound":13216351.694282126},"point_estimate":11452556.61481363,"standard_error":922981.8607337697}}