{"mean":{"confidence_interval":{"confidence_level":0.95,"lower_bound":44662373.855,"upper_bound":44842786.93975},"point_estimate":44753156.425,"standard_error":45939.442291925836},"median":{"confidence_interval":{"confidence_level":0.95,"lower_bound":44686108.75,"upper_bound":44779776.5},"point_estimate":44732279.75,"standard_error":25952.242174749597},"median_abs_dev":{"confidence_interval":{"confidence_level":0.95,"lower_bound":239823.88914227486,"upper_bound":482429.8771351576},"point_estimate":362685.83701103926,"standard_error":60922.387558491646},"slope":null,"std_dev":{"confidence_interval":{"confidence_level":0.95,"lower_bound":389040.92867441085,"upper_bound":525210.3660247347},"point_estimate":460905.1526265178,"standard_error":34736.52048972704}}