{"mean":{"confidence_interval":{"confidence_level":0.95,"lower_bound":92264391.538,"upper_bound":94081122.72675},"point_estimate":93137092.31,"standard_error":463688.370321215},"median":{"confidence_interval":{"confidence_level":0.95,"lower_bound":90392787.0,"upper_bound":91595871.5},"point_estimate":90798672.0,"standard_error":290624.0454019631},"median_abs_dev":{"confidence_interval":{"confidence_level":0.95,"lower_bound":1233916.8083935976,"upper_bound":3252252.799960971},"point_estimate":1882334.130781889,"standard_error":480960.0755472651},"slope":null,"std_dev":{"confidence_interval":{"confidence_level":0.95,"lower_bound":3794224.6076861853,"upper_bound":5356467.530666945},"point_estimate":4643494.262716959,"standard_error":398128.1037174407}}