{"mean":{"confidence_interval":{"confidence_level":0.95,"lower_bound":56029676.13275,"upper_bound":56934149.6241875},"point_estimate":56475211.6575,"standard_error":230318.57041211036},"median":{"confidence_interval":{"confidence_level":0.95,"lower_bound":55605764.125,"upper_bound":56695122.75},"point_estimate":56201706.75,"standard_error":287923.86877822847},"median_abs_dev":{"confidence_interval":{"confidence_level":0.95,"lower_bound":1773033.5248723626,"upper_bound":2736459.975618124},"point_estimate":2262112.4922394753,"standard_error":244467.22992234846},"slope":null,"std_dev":{"confidence_interval":{"confidence_level":0.95,"lower_bound":1981515.4323806413,"upper_bound":2630549.0867625223},"point_estimate":2320149.766359946,"standard_error":165911.93737071852}}