{"mean":{"confidence_interval":{"confidence_level":0.95,"lower_bound":216056449.7125,"upper_bound":219102170.42475},"point_estimate":217567857.11,"standard_error":774984.5341603576},"median":{"confidence_interval":{"confidence_level":0.95,"lower_bound":214148400.0,"upper_bound":219557041.0},"point_estimate":216222229.0,"standard_error":1246239.9461241914},"median_abs_dev":{"confidence_interval":{"confidence_level":0.95,"lower_bound":7127130.871868134,"upper_bound":10451303.855252266},"point_estimate":9245190.244165063,"standard_error":858283.8351207654},"slope":null,"std_dev":{"confidence_interval":{"confidence_level":0.95,"lower_bound":6882974.328953392,"upper_bound":8655472.109811494},"point_estimate":7832883.364003387,"standard_error":451886.8819753165}}