{"mean":{"confidence_interval":{"confidence_level":0.95,"lower_bound":360877423.64175,"upper_bound":364859417.087},"point_estimate":362832742.77,"standard_error":1012782.5695996671},"median":{"confidence_interval":{"confidence_level":0.95,"lower_bound":360473716.5,"upper_bound":365593557.0},"point_estimate":362875116.5,"standard_error":1462140.319537265},"median_abs_dev":{"confidence_interval":{"confidence_level":0.95,"lower_bound":6333157.073163986,"upper_bound":10474697.058936954},"point_estimate":8008026.541829109,"standard_error":1079125.802993722},"slope":null,"std_dev":{"confidence_interval":{"confidence_level":0.95,"lower_bound":8071875.118273351,"upper_bound":12164991.161211202},"point_estimate":10151238.50641126,"standard_error":1051131.3038816429}}