{"mean":{"confidence_interval":{"confidence_level":0.95,"lower_bound":264786563.33375,"upper_bound":268722437.451},"point_estimate":266655701.57,"standard_error":1004306.990141904},"median":{"confidence_interval":{"confidence_level":0.95,"lower_bound":263098613.0,"upper_bound":266625048.5},"point_estimate":264654342.0,"standard_error":964298.4161416474},"median_abs_dev":{"confidence_interval":{"confidence_level":0.95,"lower_bound":5445938.114315271,"upper_bound":9772928.376495838},"point_estimate":7408036.864981055,"standard_error":1125204.848454127},"slope":null,"std_dev":{"confidence_interval":{"confidence_level":0.95,"lower_bound":7372494.916721819,"upper_bound":12654668.377790777},"point_estimate":10093894.049570361,"standard_error":1356142.7218985418}}