{"mean":{"confidence_interval":{"confidence_level":0.95,"lower_bound":248676090.87725002,"upper_bound":250027748.39450002},"point_estimate":249355373.77,"standard_error":344750.7233511394},"median":{"confidence_interval":{"confidence_level":0.95,"lower_bound":248683357.0,"upper_bound":250436214.0},"point_estimate":249470046.0,"standard_error":434397.43986603955},"median_abs_dev":{"confidence_interval":{"confidence_level":0.95,"lower_bound":2738485.948482156,"upper_bound":4766375.814279914},"point_estimate":3641970.5116420984,"standard_error":537471.6223236687},"slope":null,"std_dev":{"confidence_interval":{"confidence_level":0.95,"lower_bound":3045090.103614346,"upper_bound":3838556.9753522696},"point_estimate":3467562.1158875236,"standard_error":202104.13040125073}}