{"mean":{"confidence_interval":{"confidence_level":0.95,"lower_bound":12778.985952755407,"upper_bound":12819.6713866686},"point_estimate":12798.11068898792,"standard_error":10.418748582837988},"median":{"confidence_interval":{"confidence_level":0.95,"lower_bound":12762.251490757304,"upper_bound":12795.271367521367},"point_estimate":12774.332392181388,"standard_error":9.304696863520858},"median_abs_dev":{"confidence_interval":{"confidence_level":0.95,"lower_bound":38.92661269353001,"upper_bound":66.9094894104096},"point_estimate":47.52900225831427,"standard_error":7.298618966628302},"slope":{"confidence_interval":{"confidence_level":0.95,"lower_bound":12759.937616732113,"upper_bound":12816.210482535651},"point_estimate":12785.235485898762,"standard_error":14.451310084782378},"std_dev":{"confidence_interval":{"confidence_level":0.95,"lower_bound":70.2534055484415,"upper_bound":135.2306538332933},"point_estimate":105.06167364569853,"standard_error":16.641374066496866}}