{"mean":{"confidence_interval":{"confidence_level":0.95,"lower_bound":239059355.92125,"upper_bound":241951442.05225},"point_estimate":240489081.13,"standard_error":737342.0205735333},"median":{"confidence_interval":{"confidence_level":0.95,"lower_bound":238073845.0,"upper_bound":241814828.5},"point_estimate":240001229.0,"standard_error":1007653.2669735338},"median_abs_dev":{"confidence_interval":{"confidence_level":0.95,"lower_bound":6005491.3594812155,"upper_bound":9615391.751092672},"point_estimate":7867012.010532618,"standard_error":935026.7700395493},"slope":null,"std_dev":{"confidence_interval":{"confidence_level":0.95,"lower_bound":6382346.307998611,"upper_bound":8358402.024325983},"point_estimate":7413766.2062229235,"standard_error":505674.50285223796}}