{"mean":{"confidence_interval":{"confidence_level":0.95,"lower_bound":368652266.47,"upper_bound":383351406.6585},"point_estimate":375455519.68,"standard_error":3754160.3441572734},"median":{"confidence_interval":{"confidence_level":0.95,"lower_bound":364734510.0,"upper_bound":371647935.0},"point_estimate":367359071.5,"standard_error":1631753.9411630577},"median_abs_dev":{"confidence_interval":{"confidence_level":0.95,"lower_bound":13652583.71910319,"upper_bound":23495877.43936479},"point_estimate":18034706.35161996,"standard_error":2436030.004192243},"slope":null,"std_dev":{"confidence_interval":{"confidence_level":0.95,"lower_bound":23443816.441859797,"upper_bound":49530072.79733089},"point_estimate":37665850.36302071,"standard_error":6644575.672997234}}