{"mean":{"confidence_interval":{"confidence_level":0.95,"lower_bound":245673599.0505,"upper_bound":249079936.07975},"point_estimate":247404993.72,"standard_error":869318.8736752556},"median":{"confidence_interval":{"confidence_level":0.95,"lower_bound":245323964.5,"upper_bound":249138031.0},"point_estimate":247036552.0,"standard_error":1186261.9037370537},"median_abs_dev":{"confidence_interval":{"confidence_level":0.95,"lower_bound":5992002.664920688,"upper_bound":9490438.966611028},"point_estimate":7567812.216344476,"standard_error":858101.5224121376},"slope":null,"std_dev":{"confidence_interval":{"confidence_level":0.95,"lower_bound":7130480.3230925575,"upper_bound":10238339.051031211},"point_estimate":8741852.6154906,"standard_error":793600.659877963}}