{"mean":{"confidence_interval":{"confidence_level":0.95,"lower_bound":13365.325471237784,"upper_bound":13412.362294311062},"point_estimate":13387.516731839818,"standard_error":12.02505197600977},"median":{"confidence_interval":{"confidence_level":0.95,"lower_bound":13349.495053088804,"upper_bound":13371.365670563657},"point_estimate":13355.87426987427,"standard_error":5.948752526338307},"median_abs_dev":{"confidence_interval":{"confidence_level":0.95,"lower_bound":29.861557416939792,"upper_bound":52.17640912320421},"point_estimate":39.24981541898306,"standard_error":5.792895544378519},"slope":{"confidence_interval":{"confidence_level":0.95,"lower_bound":13362.228705020358,"upper_bound":13420.385465840873},"point_estimate":13389.125763382712,"standard_error":14.913004480714552},"std_dev":{"confidence_interval":{"confidence_level":0.95,"lower_bound":82.41058522149581,"upper_bound":154.44775939723266},"point_estimate":121.18374980000091,"standard_error":18.408123263419455}}