{"mean":{"confidence_interval":{"confidence_level":0.95,"lower_bound":64078511.3065,"upper_bound":64478359.695125},"point_estimate":64275256.775,"standard_error":102468.06554229627},"median":{"confidence_interval":{"confidence_level":0.95,"lower_bound":63829725.0,"upper_bound":64403180.5},"point_estimate":64062336.25,"standard_error":152897.29921842812},"median_abs_dev":{"confidence_interval":{"confidence_level":0.95,"lower_bound":793168.005618453,"upper_bound":1270774.6143892407},"point_estimate":1030153.0864611268,"standard_error":123236.66398606135},"slope":null,"std_dev":{"confidence_interval":{"confidence_level":0.95,"lower_bound":870255.6741149729,"upper_bound":1182301.423159748},"point_estimate":1031105.8904630322,"standard_error":80440.92376943864}}