{"mean":{"confidence_interval":{"confidence_level":0.95,"lower_bound":52251215.33175,"upper_bound":52481602.31},"point_estimate":52367634.12,"standard_error":58910.60397030262},"median":{"confidence_interval":{"confidence_level":0.95,"lower_bound":52269049.5,"upper_bound":52605531.5},"point_estimate":52365477.25,"standard_error":95380.99505952363},"median_abs_dev":{"confidence_interval":{"confidence_level":0.95,"lower_bound":568142.1136059612,"upper_bound":880824.8758122325},"point_estimate":825890.8402875066,"standard_error":83287.12502606504},"slope":null,"std_dev":{"confidence_interval":{"confidence_level":0.95,"lower_bound":528581.6151494902,"upper_bound":650071.1241480655},"point_estimate":594754.8709753877,"standard_error":31047.14695476208}}