{"mean":{"confidence_interval":{"confidence_level":0.95,"lower_bound":117661608.126,"upper_bound":119487141.353},"point_estimate":118524811.18,"standard_error":467194.78766480146},"median":{"confidence_interval":{"confidence_level":0.95,"lower_bound":116079660.0,"upper_bound":117626219.0},"point_estimate":116453899.0,"standard_error":378684.057384238},"median_abs_dev":{"confidence_interval":{"confidence_level":0.95,"lower_bound":1473826.6883343458,"upper_bound":3336704.6596616507},"point_estimate":1989537.9696786404,"standard_error":469845.21835218533},"slope":null,"std_dev":{"confidence_interval":{"confidence_level":0.95,"lower_bound":3346305.683447179,"upper_bound":6221067.051910345},"point_estimate":4730259.631264059,"standard_error":767271.1844913231}}