{"mean":{"confidence_interval":{"confidence_level":0.95,"lower_bound":387825895.13875,"upper_bound":391018475.409},"point_estimate":389416336.36,"standard_error":810932.440291765},"median":{"confidence_interval":{"confidence_level":0.95,"lower_bound":386718086.5,"upper_bound":391703407.0},"point_estimate":389095986.5,"standard_error":1268592.8354100748},"median_abs_dev":{"confidence_interval":{"confidence_level":0.95,"lower_bound":6449105.286705494,"upper_bound":10272250.99773109},"point_estimate":8321678.72056067,"standard_error":966186.965889331},"slope":null,"std_dev":{"confidence_interval":{"confidence_level":0.95,"lower_bound":7153763.181593261,"upper_bound":9058553.726534415},"point_estimate":8163266.697813954,"standard_error":488046.4461244184}}