{"mean":{"confidence_interval":{"confidence_level":0.95,"lower_bound":289831174.14400005,"upper_bound":292018440.37675},"point_estimate":290927340.3,"standard_error":558079.8938098713},"median":{"confidence_interval":{"confidence_level":0.95,"lower_bound":290139006.0,"upper_bound":292754924.0},"point_estimate":291816852.5,"standard_error":729326.2404298466},"median_abs_dev":{"confidence_interval":{"confidence_level":0.95,"lower_bound":3883724.004650116,"upper_bound":7909986.653369665},"point_estimate":6146457.706278563,"standard_error":1062950.8650608724},"slope":null,"std_dev":{"confidence_interval":{"confidence_level":0.95,"lower_bound":4986488.4794209,"upper_bound":6201059.645151328},"point_estimate":5642725.065900754,"standard_error":309843.1853199195}}