{"mean":{"confidence_interval":{"confidence_level":0.95,"lower_bound":14362360.974555554,"upper_bound":14459326.450500004},"point_estimate":14408901.041111112,"standard_error":24727.47611219032},"median":{"confidence_interval":{"confidence_level":0.95,"lower_bound":14294997.222222222,"upper_bound":14386819.277777776},"point_estimate":14335719.333333334,"standard_error":23033.519543223396},"median_abs_dev":{"confidence_interval":{"confidence_level":0.95,"lower_bound":132297.58475124836,"upper_bound":227595.89875936325},"point_estimate":169177.01199650858,"standard_error":23566.48233444765},"slope":null,"std_dev":{"confidence_interval":{"confidence_level":0.95,"lower_bound":187091.4532833882,"upper_bound":305865.9954144213},"point_estimate":248857.7592431996,"standard_error":30544.866615944982}}