{"mean":{"confidence_interval":{"confidence_level":0.95,"lower_bound":234031127.3215,"upper_bound":236747614.224},"point_estimate":235377653.08,"standard_error":692810.517162537},"median":{"confidence_interval":{"confidence_level":0.95,"lower_bound":232902276.0,"upper_bound":237034260.0},"point_estimate":234719474.0,"standard_error":1272642.2904141545},"median_abs_dev":{"confidence_interval":{"confidence_level":0.95,"lower_bound":5442122.6432830095,"upper_bound":8511377.387192845},"point_estimate":7001897.875991464,"standard_error":801182.7116282738},"slope":null,"std_dev":{"confidence_interval":{"confidence_level":0.95,"lower_bound":5979927.861779523,"upper_bound":7866904.574692779},"point_estimate":6973121.0825747475,"standard_error":482081.00907014636}}