{"mean":{"confidence_interval":{"confidence_level":0.95,"lower_bound":63474642.01,"upper_bound":63605203.98},"point_estimate":63540109.57,"standard_error":33217.97585712175},"median":{"confidence_interval":{"confidence_level":0.95,"lower_bound":63458473.0,"upper_bound":63688251.5},"point_estimate":63607760.75,"standard_error":62231.90688579617},"median_abs_dev":{"confidence_interval":{"confidence_level":0.95,"lower_bound":275826.9762530923,"upper_bound":495401.8856048584},"point_estimate":376202.70097106695,"standard_error":57722.76210788425},"slope":null,"std_dev":{"confidence_interval":{"confidence_level":0.95,"lower_bound":302743.0251885796,"upper_bound":366207.33796889},"point_estimate":336321.443430255,"standard_error":16185.668809001145}}