{"mean":{"confidence_interval":{"confidence_level":0.95,"lower_bound":521843707.19874996,"upper_bound":530885009.6395},"point_estimate":526302892.18,"standard_error":2312685.765667741},"median":{"confidence_interval":{"confidence_level":0.95,"lower_bound":520715254.0,"upper_bound":529138770.5},"point_estimate":525385481.5,"standard_error":1970588.0418987651},"median_abs_dev":{"confidence_interval":{"confidence_level":0.95,"lower_bound":13204171.76477909,"upper_bound":23867627.762887396},"point_estimate":18509250.27949512,"standard_error":2666186.6527974904},"slope":null,"std_dev":{"confidence_interval":{"confidence_level":0.95,"lower_bound":19074467.70551347,"upper_bound":27028812.761102255},"point_estimate":23241928.690497488,"standard_error":2026764.9029451616}}