{"mean":{"confidence_interval":{"confidence_level":0.95,"lower_bound":249698140.22,"upper_bound":253836647.047},"point_estimate":251696372.45,"standard_error":1056905.2822546053},"median":{"confidence_interval":{"confidence_level":0.95,"lower_bound":247216070.5,"upper_bound":251541580.0},"point_estimate":248955906.5,"standard_error":1127179.3985008562},"median_abs_dev":{"confidence_interval":{"confidence_level":0.95,"lower_bound":6042090.081131458,"upper_bound":10635827.06189632},"point_estimate":8154806.904423237,"standard_error":1176977.2503226055},"slope":null,"std_dev":{"confidence_interval":{"confidence_level":0.95,"lower_bound":8020044.629445243,"upper_bound":13310440.509222107},"point_estimate":10619442.653417174,"standard_error":1378386.3229229883}}