{"mean":{"confidence_interval":{"confidence_level":0.95,"lower_bound":264948065.1435,"upper_bound":266991162.9965},"point_estimate":265935273.65,"standard_error":519420.948578191},"median":{"confidence_interval":{"confidence_level":0.95,"lower_bound":264888402.0,"upper_bound":266523411.0},"point_estimate":265577181.5,"standard_error":407094.84994738945},"median_abs_dev":{"confidence_interval":{"confidence_level":0.95,"lower_bound":2913681.0808718204,"upper_bound":4738884.704267979},"point_estimate":3778695.881214738,"standard_error":439092.37246423005},"slope":null,"std_dev":{"confidence_interval":{"confidence_level":0.95,"lower_bound":3915568.0482030176,"upper_bound":6450197.19193057},"point_estimate":5216508.223532058,"standard_error":652084.2654637118}}