{"mean":{"confidence_interval":{"confidence_level":0.95,"lower_bound":16665.120986915408,"upper_bound":16694.13157914037},"point_estimate":16679.23074146398,"standard_error":7.400659930410541},"median":{"confidence_interval":{"confidence_level":0.95,"lower_bound":16656.696969696968,"upper_bound":16674.000694444443},"point_estimate":16666.526354166665,"standard_error":3.3721744605749984},"median_abs_dev":{"confidence_interval":{"confidence_level":0.95,"lower_bound":31.567822631999643,"upper_bound":74.4006211483461},"point_estimate":49.676967382914135,"standard_error":11.107433296819519},"slope":{"confidence_interval":{"confidence_level":0.95,"lower_bound":16673.226494456856,"upper_bound":16703.500314682085},"point_estimate":16688.012370425102,"standard_error":7.704243521552686},"std_dev":{"confidence_interval":{"confidence_level":0.95,"lower_bound":58.51678107400596,"upper_bound":90.08048145422387},"point_estimate":74.62641332074271,"standard_error":8.142320625732562}}