{"mean":{"confidence_interval":{"confidence_level":0.95,"lower_bound":253299154.38625002,"upper_bound":255128271.55800003},"point_estimate":254189062.11,"standard_error":465463.37212124665},"median":{"confidence_interval":{"confidence_level":0.95,"lower_bound":252800625.0,"upper_bound":254352858.5},"point_estimate":253805700.0,"standard_error":373928.4779093278},"median_abs_dev":{"confidence_interval":{"confidence_level":0.95,"lower_bound":3156980.184352398,"upper_bound":5495608.178633451},"point_estimate":4304904.711672664,"standard_error":590988.9954751583},"slope":null,"std_dev":{"confidence_interval":{"confidence_level":0.95,"lower_bound":3780565.8357157707,"upper_bound":5655911.486734596},"point_estimate":4689784.786228209,"standard_error":486015.6066122603}}