{"mean":{"confidence_interval":{"confidence_level":0.95,"lower_bound":351409487.86925,"upper_bound":361440441.3915},"point_estimate":356207145.04,"standard_error":2564773.125317906},"median":{"confidence_interval":{"confidence_level":0.95,"lower_bound":345273118.0,"upper_bound":355057020.5},"point_estimate":350196901.0,"standard_error":3038423.0375763536},"median_abs_dev":{"confidence_interval":{"confidence_level":0.95,"lower_bound":14216901.70699954,"upper_bound":26582218.406671286},"point_estimate":18781160.597267747,"standard_error":3164420.015698574},"slope":null,"std_dev":{"confidence_interval":{"confidence_level":0.95,"lower_bound":19957208.864385843,"upper_bound":31610105.85921422},"point_estimate":25712803.370740477,"standard_error":3005827.9744219044}}